Title,Takeaway,Authors,Year,Citations,Abstract,Study Type,Journal,Journal SJR Quartile,DOI,Consensus Link
"Modeling Time-varying Reliability and Resilience of Deteriorating Infrastructure","This paper proposes a novel formulation to model the effects of infrastructure deterioration on its time-varying ability to recover after disruptive events, with a focus on potable water infrastructure.","L. Iannacone, Neetesh Sharma, Armin Tabandeh, P. Gardoni",2022,125,"","","Reliab. Eng. Syst. Saf.","1","10.1016/j.ress.2021.108074","https://consensus.app/papers/modeling-timevarying-reliability-and-resilience-of-iannacone-sharma/a65d9b1adf315d41988d1a12707bc247/"
"Integrating climate change predictions into infrastructure degradation modelling using advanced markovian frameworks to enhanced resilience.","","Ali Shehadeh, Odey Alshboul, Mohammad F. Tamimi",2024,44,"","","Journal of environmental management","1","10.1016/j.jenvman.2024.122234","https://consensus.app/papers/integrating-climate-change-predictions-into-shehadeh-alshboul/a773b64524095e658e5a746bcb1979b5/"
"Toward a Big Data-Based Approach: A Review on Degradation Models for Prognosis of Critical Infrastructure","Big data-based approaches, including artificial intelligence and remote sensing, can enhance the reliability and safety management of critical infrastructure.","G. Prakash, Xian-Xun Yuan, B. Hazra, Daijiro Mizutani",2021,35,"
 Safety and reliability of large critical infrastructure such as long-span bridges, high-rise buildings, nuclear power plants, high-voltage transmission towers, rotating machinery, and so on, are important for a modern society. Research on reliability and safety analysis started with a “small data” problem dealing with relative scarce lifetime or failure data. Later, degradation modeling that uses performance deterioration, or, condition data collected from in-service inspections or online health monitoring became an important tool for reliability prediction and maintenance planning of highly reliable engineering systems. Over the past decades, a large number of degradation models have been developed to characterize and quantify the underlying degradation mechanism using direct and indirect measurements. Recent advancements in artificial intelligence, remote sensing, big data analytics, and Internet of things are making far-reaching impacts on almost every aspect of our lives. The effect of these changes on the degradation modeling, prognosis, and safety management is interesting questions to explore. This paper presents a comprehensive, forward-looking review of the various degradation models and their practical applications to damage prognosis and management of critical infrastructure. The degradation models are classified into four categories: physics-based, knowledge-based, data-driven, and hybrid approaches.","","","","10.1115/1.4048787","https://consensus.app/papers/toward-a-big-databased-approach-a-review-on-degradation-prakash-yuan/96a1c1a5c0855183b135aacef710ccb6/"
"Degradation Models and Maintenance Strategies for Reinforced Concrete Structures in Coastal Environments under Climate Change: A Review","Degradation models and monitoring data can help maintain coastal structures, addressing corrosion and climate change challenges.","Luis F. Rincon, Y.F.M. Moscoso, A. Hamami, José C. Matos, E. Bastidas-Arteaga",2024,28,"Modern engineering faces challenges in ensuring technical standards for service, durability, and sustainability. Political, administrative, and budgetary factors, coupled with climate change, pose tasks to structural integrity, affecting industries and economies. Marine infrastructures represent a strategic asset of a country as they handle a large part of the economic exchanges. This article analyzes five essential factors that play a fundamental role in the performance analysis of coastal structures: chloride-induced corrosion, degradation models, maintenance strategies, monitoring, and climate change. We start with reinforcement corrosion, which is considered as the main cause of distress, particularly in coastal zones, for the long-term behavior of structures. Additional pressure from the influences of climate change is becoming evident and extreme, leading to a reduction in capacity. To guarantee the lifespan of infrastructures, degradation models contribute by estimating the long-term performance of the asset as a strategic piece to the development of effective maintenance solutions. Artificial Neural Networks (ANNs) have gained recent prominence in this field due to their ability to learn intricate patterns from historical data, making them valuable instruments for predicting structural deterioration. Additionally, quantifying the condition of the structure from monitoring data plays a crucial part in providing information on the current situation of the structure. Finally, this review summarizes the challenges associated with the maintenance of aging marine structures considering aspects such as corrosion, monitoring, and the future challenges this area will face due to climate change.","","Buildings","1","10.3390/buildings14030562","https://consensus.app/papers/degradation-models-and-maintenance-strategies-for-rincon-moscoso/a56745ca06075b16a2470796be4d8dd2/"
"Bias-aware degradation models for reinforced concrete bridges based on XAI","This study develops a composite analysis using explainable artificial intelligence techniques to analyze bridge condition data and develop bias-aware degradation models, revealing survivorship bias in damage evolution.","Francesca Marsili, Filippo Landi, Rade Hajdin, Sylvia Kessler",2025,4,"","","Developments in the Built Environment","1","10.1016/j.dibe.2025.100617","https://consensus.app/papers/biasaware-degradation-models-for-reinforced-concrete-marsili-landi/d8624f4ece6c565383f3bf4b9644384e/"
"From Tea Leaves to System Maps: A Survey and Framework on Context-Aware Machine Learning Monitoring","Context-aware machine learning monitoring focuses on incorporating system-level information, turning statistical anomalies into actionable alerts and structured root-cause analysis.","J. Leest, C. Raibulet, Patricia Lago, Ilias Gerostathopoulos",2025,2,"Machine learning (ML) models in production fail when their broader systems – from data pipelines to deployment environments – deviate from training assumptions, not merely due to statistical anomalies in input data. Despite extensive work on data drift, data validation, and out-of-distribution detection, ML monitoring research remains largely model-centric while neglecting contextual information: auxiliary signals about the system around the model (external factors, data pipelines, downstream applications). Incorporating this context turns statistical anomalies into actionable alerts and structured root-cause analysis. Drawing on a systematic review of 94 primary studies, we identify three dimensions of contextual information for ML monitoring: the system element concerned (natural environment or technical infrastructure); the aspect of that element (runtime states, structural relationships, prescriptive properties); and the representation used (formal constructs or informal formats). This forms the Contextual System-Aspect-Representation (C-SAR) framework, a descriptive model synthesizing our findings. We identify 20 recurring triplets across these dimensions and map them to the monitoring activities they support. This study provides a holistic perspective on ML monitoring: from interpreting “tea leaves” (i.e., isolated data and performance statistics) to constructing and managing “system maps” (i.e., end-to-end views that connect data, models, and operating context).","systematic review","IEEE Transactions on Software Engineering","1","10.1109/tse.2025.3602520","https://consensus.app/papers/from-tea-leaves-to-system-maps-a-survey-and-framework-on-leest-raibulet/0803dc34a8225cd0be057c6541214a00/"
"Scalable probabilistic deterioration model based on visual inspections and structural attributes from large networks of bridges","This paper proposes a scalable probabilistic approach for modeling bridge deterioration using visual inspections and structural attributes, reducing computational complexity and incorporating large numbers of structural attributes.","Said Ali Kamal Fakhri, Zachary Hamida, James-A. Goulet",2025,2,"","","Adv. Eng. Informatics","1","10.1016/j.aei.2024.103035","https://consensus.app/papers/scalable-probabilistic-deterioration-model-based-on-fakhri-hamida/04ac6d9095815824b2a819e5fc3b9d0e/"
"Track Deterioration Model—State of the Art and Research Potentials","Track deterioration models effectively allocate maintenance work and impact rolling stock properties on infrastructure, but require enhancements for accurate and detailed predictions.","Ursula Ehrhart, Dieter Knabl, Stefan Marschnig",2024,4,"Track deterioration models (TDMs) help to allocate maintenance work (direct costs) to vehicle runs. Furthermore, these models demonstrate the impact of rolling stock properties on infrastructure. This paper review provides an overview of the state of the art in railway track deterioration modelling and outlines the research potential in this domain. The main focus lies on ballast degradation, rail surface wear and fatigue, and their description in an empiric analytic wear formula. The basis for discussion is the wear formula of the Graz University of Technology. While the TDM demonstrates effectiveness, enhancements are sought, particularly with regard to adjusting the track parameters that vary across railway networks. Further exploration aims to refine the description of rail surface wear and rolling contact fatigue (RCF), incorporating factors such as traction energy and short-wave effects and adapting mathematical functions such as the t-Gamma function. This review underscores the need for ongoing research to develop TDMs that are both simple and detailed enough to encourage track-friendly rolling stock design.","literature review","Infrastructures","2","10.3390/infrastructures9050086","https://consensus.app/papers/track-deterioration-model%E2%80%94state-of-the-art-and-research-ehrhart-knabl/6c73b3095e13598b9a2ae61b1c08b3ee/"
"How Degrading Network Conditions Influence Machine Learning End Systems Performance?","Network stability is crucial for machine learning accuracy, with speech transcription models being more affected by data quality degradation than image classifiers.","Sergei Chuprov, Leon Reznik, Antoun Obeid, Srujan Shetty",2022,10,"As intelligent knowledge-based decision makers, Machine Learning (ML) end applications highly depend on input data quality. Systems that integrate ML-end applications use computer networks for data delivery from the data source to ML processors. Packet losses and lack of resources are the factors that may result in a quality degradation of data transmitted over computer networks, and consequently negatively impact the accuracy of ML applications. In this paper, we investigate the relation between network quality of service (QoS) degradation and ML-end decision making performance based on the data transmitted over various network conditions. For realistic testing, we implement an empirical study, in which we leverage the POWDER platform that provides real-world wireless 5G network testbed. In our experiments, we transfer media-files between the nodes of this real network under various QoS conditions. We investigate the effect of degraded data quality due to those network disruptions on ML-based systems used in different domains. Specifically, we investigate the accuracy of different image classification and speech transcription models in scenarios with higher packet loss in the communication channel and resource shortage on the receiving end. Our results show that network conditions stability is critical to avoid ML misclassifications, and that data quality degradation affects speech transcription model performance to a higher degree compared to considered image classifiers.","","IEEE INFOCOM 2022 - IEEE Conference on Computer Communications Workshops (INFOCOM WKSHPS)","","10.1109/infocomwkshps54753.2022.9798388","https://consensus.app/papers/how-degrading-network-conditions-influence-machine-chuprov-reznik/5109a44398675f428756b65ea8ea0f18/"
"Reasoning AI Performance Degradation in 6G Networks with Large Language Models","Large Language Models (LLMs) can effectively reason about AI performance degradation in 6G networks, enhancing reliability and efficiency in AI-native network infrastructures.","Liming Huang, Yulei Wu, Dimitra Simeonidou",2024,4,"The integration of Artificial Intelligence (AI) within 6G networks is poised to revolutionize connectivity, reliability, and intelligent decision-making. However, the performance of AI models in these networks is crucial, as any decline can significantly impact network efficiency and the services it supports. Understanding the root causes of performance degradation is essential for maintaining optimal network functionality. In this paper, we propose a novel approach to reason about AI model performance degradation in 6G networks using the Large Language Models (LLMs) empowered Chain-of-Thought (CoT) method. Our approach employs an LLM as a “teacher” model through zero-shot prompting to generate teaching CoT rationales, followed by a CoT “student” model that is fine-tuned by the generated teaching data for learning to reason about performance declines. The efficacy of this model is evaluated in a real-world scenario involving a real-time 3D rendering task with multi-Access Technologies (mATs) including WiFi, 5G, and LiFi for data transmission. Experimental results show that our approach achieves over 97 % reasoning accuracy on the built test questions, confirming the validity of our collected dataset and the effectiveness of the LLM-CoT method. Our findings highlight the potential of LLMs in enhancing the reliability and efficiency of 6G networks, representing a significant advancement in the evolution of AI-native network infrastructures.","","2025 IEEE Wireless Communications and Networking Conference (WCNC)","","10.1109/wcnc61545.2025.10978540","https://consensus.app/papers/reasoning-ai-performance-degradation-in-6g-networks-with-huang-wu/e65954f5a3705ab4a4b69e1b54da371c/"
"Unified Modelling of Infrastructure Asset Performance Deterioration - a bounded gamma process approach","The proposed bounded transformed gamma process (BTGP) model is a flexible and significant alternative for infrastructure asset management systems, addressing the need for a unified deterioration model.","Wang Chen, Arnold X.-X. Yuan",2025,1,"Infrastructure asset management systems require a flexible deterioration model that can handle various degradation patterns in a unified way. Owing to its appealing monotonic sample paths, independent increments and mathematical tractability, gamma process has been widely employed as an infrastructure performance deterioration model. This model was recently enhanced by introducing an upper bound to satisfy a practical modelling need that many infrastructure performance deterioration processes are constrained by physical or managerial limits. Several bounded transformed gamma process (BTGP) alternatives had been proposed; however, they lacked due flexibility to characterize different deterioration patterns. This paper proposed a new BTGP model that is deeply grounded upon the traditional regression modelling tradition in infrastructure asset management systems. Qualitative and quantitative comparisons were carried out between the proposed BTGP and a bounded nonstationary gamma process (BNGP) model from both deterioration modelling and asset management decision-making perspectives. An empirical study using the real-world historical bridge condition data was performed to examine the flexibility of the BTGP against the BNGP and six other BTGP alternatives. The results confirmed the flexibility and significance of the proposed BTGP model for infrastructure systems.","","ArXiv","1","10.48550/arxiv.2508.13359","https://consensus.app/papers/unified-modelling-of-infrastructure-asset-performance-chen-yuan/9e3ebf80819b5049b1edb8233d41b3a2/"
"Understanding Infrastructure Drift in Federated Learning Systems","Infrastructure drift in Federated Learning systems can reduce system performance and model accuracy due to human input, poor configuration, or applications making unwanted changes.","Shashank Rana, Vimarsh Shah, Aishwarya Jayashankar, Ayush Bhardwaj, Arnab K. Paul",2024,0,"In traditional distributed machine learning (ML) systems, infrastructure drift refers to the deviation of underlying computational resources and network conditions over time, leading to reduced system performance and model accuracy. Infrastructure drift can arise from human input, poor configuration, or applications making unwanted changes. As ML systems evolve into a decentralized framework with the need to keep data private, Federated Learning (FL) systems have risen.","","2024 IEEE 31st International Conference on High Performance Computing, Data and Analytics Workshop (HiPCW)","","10.1109/hipcw63042.2024.00063","https://consensus.app/papers/understanding-infrastructure-drift-in-federated-rana-shah/e411806095d15a638e67fd1f640ef80c/"
"Railway Track Deterioration Models: A Review of the State of the Art","This paper presents a systematic taxonomy of railway track deterioration models, aiming to classify them based on detail and functionality, to inform infrastructure managers for whole-life asset management.","Georgios Rempelos, Giacomo Ognibene, L. Le Pen, S. Blainey, John Preston, William Powrie",2024,7,"","systematic review","Transportation Geotechnics","1","10.1016/j.trgeo.2024.101377","https://consensus.app/papers/railway-track-deterioration-models-a-review-of-the-state-of-rempelos-ognibene/0472337dbe5d56dc8fbea673a2bf4264/"
"Consequences of permafrost degradation for Arctic infrastructure – bridging the model gap between regional and engineering scales","Arctic infrastructure built on permafrost faces a risk of failure due to increased heat flux, lateral destabilization, and snow accumulation, highlighting the need for climate warming considerations in planning and construction.","Thomas Schneider von Deimling, Hanna Lee, T. Ingeman‐Nielsen, S. Westermann, V. Romanovsky, S. Lamoureux, D. Walker, S. Chadburn, E. Trochim, L. Cai, J. Nitzbon, S. Jacobi, M. Langer",2020,69,"Abstract. Infrastructure built on perennially frozen ice-rich
ground relies heavily on thermally stable subsurface conditions. Climate-warming-induced deepening of ground thaw puts such infrastructure at risk of
failure. For better assessing the risk of large-scale future damage to Arctic
infrastructure, improved strategies for model-based approaches are urgently
needed. We used the laterally coupled 1D heat conduction model CryoGrid3
to simulate permafrost degradation affected by linear infrastructure. We
present a case study of a gravel road built on continuous permafrost (Dalton
highway, Alaska) and forced our model under historical and strong future
warming conditions (following the RCP8.5 scenario). As expected, the presence
of a gravel road in the model leads to higher net heat flux entering the
ground compared to a reference run without infrastructure and thus a higher
rate of thaw. Further, our results suggest that road failure is likely a
consequence of lateral destabilisation due to talik formation in the ground
beside the road rather than a direct consequence of a top-down thawing and
deepening of the active layer below the road centre. In line with previous
studies, we identify enhanced snow accumulation and ponding (both a
consequence of infrastructure presence) as key factors for increased soil
temperatures and road degradation. Using differing horizontal model
resolutions we show that it is possible to capture these key factors and their
impact on thawing dynamics with a low number of lateral model units,
underlining the potential of our model approach for use in pan-Arctic risk
assessments. Our results suggest a general two-phase behaviour of permafrost degradation:
an initial phase of slow and gradual thaw, followed by a strong increase in
thawing rates after the exceedance of a critical ground warming. The timing of
this transition and the magnitude of thaw rate acceleration differ strongly
between undisturbed tundra and infrastructure-affected permafrost ground. Our
model results suggest that current model-based approaches which do not
explicitly take into account infrastructure in their designs are likely to
strongly underestimate the timing of future Arctic infrastructure failure. By using a laterally coupled 1D model to simulate linear
infrastructure, we infer results in line with outcomes from more complex 2D
and 3D models, but our model's computational efficiency allows us to account
for long-term climate change impacts on infrastructure from permafrost
degradation. Our model simulations underline that it is crucial to consider
climate warming when planning and constructing infrastructure on permafrost as
a transition from a stable to a highly unstable state can well occur within
the service lifetime (about 30 years) of such a construction. Such a
transition can even be triggered in the coming decade by climate change for
infrastructure built on high northern latitude continuous permafrost that
displays cold and relatively stable conditions today.
","","The Cryosphere","1","10.5194/tc-15-2451-2021","https://consensus.app/papers/consequences-of-permafrost-degradation-for-arctic-deimling-lee/eda64c9e7d9f5086befa1cf163e62698/"
"Deterioration models for geotechnical slopes: a systematic review on the long-term behaviour of earthwork assets","Understanding geotechnical asset deterioration mechanisms is crucial for effective asset management and proactive maintenance, with limited comprehensive deterioration models for earthwork slopes.","R. Marín, M. Long",2024,2,"Deteriorating infrastructure slopes have significant implications for infrastructure management, as their performance and long-term behaviour can impact travel, costs, safety, and operational efficiency. Understanding the long-term behaviour and performance of geotechnical assets is crucial for effective asset management and proactive maintenance. This systematic review examines existing research on deterioration models to identify methodologies, monitoring techniques, and data collection approaches employed to analyse the behaviour of geotechnical assets over time. The review emphasizes the importance of understanding asset deterioration mechanisms, particularly those influenced by weathering, and their impact on the overall performance and long-term behaviour of geotechnical assets. By consolidating knowledge from the scientific literature, this study highlights the limited availability of comprehensive deterioration models for earthwork slopes but identifies a growing interest in studying factors and mechanisms that contribute to understanding long-term asset behaviour. The review underscores the significance of monitoring, instrumentation, and data collection to enhance our understanding of geotechnical asset deterioration and improve predictive capabilities. Additionally, a proposed framework is introduced for long-term analysis of geotechnical assets, advocating combining lab and field tests for precise soil characterization and developing deterioration models. This systematic review deepens the understanding of asset deterioration mechanisms and aids in decision-making for infrastructure resilience.","systematic review","Structure and Infrastructure Engineering","1","10.1080/15732479.2024.2344662","https://consensus.app/papers/deterioration-models-for-geotechnical-slopes-a-mar%C3%ADn-long/710f3acb77395ae1be5ead34ab1898dd/"
"Stochastic degradation model analysis for prestressed concrete bridges","This research develops Markov chain degradation models for prestressed concrete bridges, aiding in cost-effective and efficient maintenance decisions for road infrastructure.","L. F. Rincón, Yina F. Muñoz Moscoso, J. Matos, Stefan Leonardo Leiva Maldonado",2022,0,"Bridges in the road infrastructure represent a critical and strategic asset, due to their functionality, is vital for the economic and social development of the countries. Currently, approximately 50% of construction industry expenditures in most developed countries are associated with repairs, maintenance, and rehabilitation of existing structures, and are expected to increase in the future. In this sense, it is necessary to monitor the behaviour of bridges and obtain indicators that represent the evolution of the state of service over time.Therefore, degradation models play a crucial role in determining asset performance that will define cost-effective and efficient planned maintenance solutions to ensure continuous and correct operation. Of these models, Markov chains stand out for being stochastic models that consider the uncertainty of complex phenomena and are the most used for structures in general due to their practicality, easy implementation, and compatibility. In this context, this research develops degradation models of a database of 414 prestressed concrete bridges continuously monitored from 2000 to 2016 in the state of Indiana, USA. Degradation models were developed from a rating system of the state of the deck, the superstructure, and the substructure. Finally, the database is identified and divided from cluster analysis, into classes that share similar deterioration trends to obtain a more accurate prediction that can facilitate the decision processes of bridge management systems.","","IABSE Symposium, Prague 2022: Challenges for Existing and Oncoming Structures","","10.2749/prague.2022.1092","https://consensus.app/papers/stochastic-degradation-model-analysis-for-prestressed-rinc%C3%B3n-moscoso/b54660250b0952a3a38e29e2a14a45a8/"
"Degradation modelling of railway infrastructure","The Wiener process with linear drift model effectively simulates railway track degradation, considering explanatory variables and uncertainty in the development of degradation for different sections along the tracks.","E. Laskowska, J. Vatn",2021,0,"In this paper the Wiener process with linear drift is proposed as a degradation model for the railway substructure. The model is based on the empirical data describing loss of tracks quality over the distance of one kilometre. The impact of explanatory variables on tracks degradation is investigated. The Bayesian framework is applied to examine uncertainty in the development of degradation for different sections along the tracks.","","","","10.2749/christchurch.2021.0935","https://consensus.app/papers/degradation-modelling-of-railway-infrastructure-laskowska-vatn/7db626fd8bea5130a381224de55bbd04/"
"Reliability and Life-Cycle Analysis of Deteriorating Systems","Modern engineering system degradation models and life-cycle analysis play a crucial role in making informed engineering decisions, particularly for large infrastructure systems.","M. Sánchez-Silva, G. Klutke",2015,96,"This book compiles and critically discusses modern engineering system degradation models and their impact on engineering decisions. In particular, the authors focus on modeling the uncertain nature of degradation considering both conceptual discussions and formal mathematical formulations. It also describes the basics concepts and the various modeling aspects of life-cycle analysis (LCA).  It highlights the role of degradation in LCA and defines optimum design and operation parameters. Given the relationship between operational decisions and the performance of the system’s condition over time, maintenance models are also discussed. The concepts and models presented have applications in a large variety of engineering fields such as Civil, Environmental, Industrial, Electrical and Mechanical engineering. However, special emphasis is given to problems related to large infrastructure systems. The book is intended to be used both as a reference resource for researchers and practitioners and as an academic text for courses related to risk and reliability, infrastructure performance modeling and life-cycle assessment.","","","","10.1007/978-3-319-20946-3","https://consensus.app/papers/reliability-and-lifecycle-analysis-of-deteriorating-s%C3%A1nchez-silva-klutke/db0770704e8056ba95857277ebd8b2ab/"
"Root Causing Prediction Anomalies Using Explainable AI","Explainable AI (XAI) effectively identifies root causes of prediction anomalies in machine learning models, improving the reliability of personalized advertising models.","R. Vishnampet, Rajesh Shenoy, Jianhui Chen, Anuj Gupta",2024,1,"This paper presents a novel application of explainable AI (XAI) for root-causing performance degradation in machine learning models that learn continuously from user engagement data. In such systems a single feature corruption can cause cascading feature, label and concept drifts. We have successfully applied this technique to improve the reliability of models used in personalized advertising. Performance degradation in such systems manifest as prediction anomalies in the models. These models are typically trained continuously using features that are produced by hundreds of real time data processing pipelines or derived from other upstream models. A failure in any of these pipelines or an instability in any of the upstream models can cause feature corruption, causing the model's predicted output to deviate from the actual output and the training data to become corrupted. The causal relationship between the features and the predicted output is complex, and root-causing is challenging due to the scale and dynamism of the system. We demonstrate how temporal shifts in the global feature importance distribution can effectively isolate the cause of a prediction anomaly, with better recall than model-to-feature correlation methods. The technique appears to be effective even when approximating the local feature importance using a simple perturbation-based method, and aggregating over a few thousand examples. We have found this technique to be a model-agnostic, cheap and effective way to monitor complex data pipelines in production and have deployed a system for continuously analyzing the global feature importance distribution of continuously trained models.","","ArXiv","","10.48550/arxiv.2403.02439","https://consensus.app/papers/root-causing-prediction-anomalies-using-explainable-ai-vishnampet-shenoy/0abe38be49755cc098dee8f6e43170ee/"
"Artificial intelligence for the modeling of water pipes deterioration mechanisms","Artificial intelligence techniques can effectively model and assess water pipe deterioration in urban water systems, providing valuable insights for future research directions.","T. Dawood, E. Elwakil, H. Novoa, J. Delgado",2020,59,"","literature review","Automation in Construction","1","10.1016/j.autcon.2020.103398","https://consensus.app/papers/artificial-intelligence-for-the-modeling-of-water-pipes-dawood-elwakil/71e3bab50e1c569b9a37883f7f274f25/"
"From Concept Drift to Model Degradation: An Overview on Performance-Aware Drift Detectors","Performance-based concept drift detection methods can effectively identify and address concept drift in real-world systems, improving predictive machine learning models' performance.","Firas Bayram, Bestoun S. Ahmed, A. Kassler",2022,290,"The dynamicity of real-world systems poses a significant challenge to deployed predictive machine learning (ML) models. Changes in the system on which the ML model has been trained may lead to performance degradation during the system's life cycle. Recent advances that study non-stationary environments have mainly focused on identifying and addressing such changes caused by a phenomenon called concept drift. Different terms have been used in the literature to refer to the same type of concept drift and the same term for various types. This lack of unified terminology is set out to create confusion on distinguishing between different concept drift variants. In this paper, we start by grouping concept drift types by their mathematical definitions and survey the different terms used in the literature to build a consolidated taxonomy of the field. We also review and classify performance-based concept drift detection methods proposed in the last decade. These methods utilize the predictive model's performance degradation to signal substantial changes in the systems. The classification is outlined in a hierarchical diagram to provide an orderly navigation between the methods. We present a comprehensive analysis of the main attributes and strategies for tracking and evaluating the model's performance in the predictive system. The paper concludes by discussing open research challenges and possible research directions.","literature review","Knowl. Based Syst.","1","10.48550/arxiv.2203.11070","https://consensus.app/papers/from-concept-drift-to-model-degradation-an-overview-on-bayram-ahmed/ebc028b7889357969657d53d50ac6d12/"
"Modeling Infrastructure Performance and User Costs","This paper develops an integrated performance and user-cost model system, incorporating user costs into the performance-deterioration prediction of infrastructure facilities.","M. Ben-Akiva, Dinesh Gopinath",1995,67,"An infrastructure-performance-deterioration model predicts the performance of infrastructure facilities such as bridges, railroad, and highways as a function of explanatory variables such as inherent infrastructure characteristics (material properties, construction quality), ambient climate, usage of the facility, etc. However, there is no unambiguous approach to measuring directly the performance of the facility, and hence we consider performance to be unobservable (latent). The problem of developing performance-deterioration models includes the definition of the aforementioned unobservable performance in terms of the measurable distress measures of the facility, and simultaneously relating the performance to the explanatory variables. In this paper, we extend previous research to include user costs (costs accruing to the users of the infrastructure facility) in the modeling framework. Hence, an integrated performance and user-cost model system is developed, and a case study is conducted on a highway exa...","","Journal of Infrastructure Systems","2","10.1061/(asce)1076-0342(1995)1:1(33)","https://consensus.app/papers/modeling-infrastructure-performance-and-user-costs-ben-akiva-gopinath/dc9d970e778e56fba41080711f494c61/"
"AN ELECTRICAL INFRASTRUCTURE MANAGEMENT MODEL FOR LONG-TERM MAINTENANCE AND HAZARD MITIGATION","An electrical infrastructure management model can identify components at high risk of failure, guiding maintenance operations and estimating long-term line performance.","Nathaniel M. Levine, Kristen Hollingsworth, Yingjie Wu, Morgan Griffith, Brian Mcdonald",2023,0,"Electrical lines are critical infrastructure components. Line failures can cause catastrophic wildfires resulting in immeasurable damage to life and property. This paper discusses the implementation of an electrical infrastructure management model that tracks component degradation over time and incorporates inspection and monitoring data to update the model; the model then identifies components with the highest risk of failure to direct maintenance operations and estimate long-term line performance. The capacity of the structures is represented through fragility curves based on first-principles modeling and industry standards. Threat models, such as metal corrosion and wood decay, estimate how the fragility curve will evolve with time, based on environmental data and the age of the structure. Data-driven approaches are used to incorporate field data and historical performance into the model. Bayesian updating is used to adjust the fragility curves based on historical wind and outage data. Similarly, observed deterioration from field condition inspections are applied to further modify the model. Using a site-specific hazard model, an annualized probability of failure is estimated for each structure on an electrical line. First, an overview of the framework is provided, with a specific focus on wind hazards. To illustrate the application of the model and illustrate the challenges encountered in implementation, an example case study is discussed, exploring how the predicted probabilities of failure can be impacted by the choice of wind hazard model. This choice can result in geographic bias towards both under- and over-predicting probability of failure, and therefore can result in misdirection of maintenance resources. Future planned improvements are discussed.","","Proceedings of the 14th International Workshop on Structural Health Monitoring","","10.12783/shm2023/36750","https://consensus.app/papers/an-electrical-infrastructure-management-model-for-levine-hollingsworth/692add0333c751da976700f042083209/"
"A Review of Pavement Performance Deterioration Modeling: Influencing Factors and Techniques","Pavement deterioration modeling focuses on traffic loading and environmental stressors, with machine learning increasingly being used to enhance robustness, scalability, and transparency in pavement management strategies.","Benjamin G. Famewo, M. Shokouhian",2025,1,"Accurate modeling of pavement performance is vital to maintaining safe, reliable, and sustainable transportation infrastructure. This review synthesizes current approaches to pavement deterioration modeling, with emphasis on key influencing factors, performance indicators, and methodologies employed within Pavement Management Systems (PMS). Primary deterioration drivers, including traffic loading and environmental stressors, are analyzed for their impact on degradation patterns. Performance indicators such as the Pavement Surface Evaluation and Rating (PASER), Pavement Condition Index (PCI), and International Roughness Index (IRI) are evaluated for their effectiveness in capturing pavement condition and guiding maintenance decisions. Modeling techniques are broadly categorized into deterministic, probabilistic, and intelligent (machine learning–based) frameworks to illustrate the evolution of predictive approaches. Across these approaches, the notion of symmetry can be interpreted as the balance and consistency achieved between model assumptions, input variables, and predicted pavement behavior, while asymmetry represents deviations caused by uncertainty, variability, and nonlinearity inherent in real-world conditions. Recognizing these symmetrical and asymmetrical relationships helps unify different modeling paradigms and provides insight into how each framework handles equilibrium between accuracy, complexity, and interpretability. The review also highlights persistent challenges in data availability, quality, and standardization. Notably, the increasing adoption of machine learning reflects its capacity to handle high-dimensional and spatiotemporal datasets. Recommendations are proposed to improve the robustness, scalability, and transparency of future deterioration models, thereby enhancing their role in data-driven, resilient, and cost-effective pavement management strategies.","literature review","Symmetry","2","10.3390/sym17111992","https://consensus.app/papers/a-review-of-pavement-performance-deterioration-modeling-famewo-shokouhian/8780bcf36c2051eba99d0b560e1a4784/"
"Are Industrial ML Image Classifiers Robust to Data Affected by Network QoS Degradation?","Industrial ML image classifiers can be significantly affected by network QoS degradation, with even slight packet loss affecting classification performance.","Raman Zatsarenko, Chirayu Anil Marathe, Sergei Chuprov, Matthew Hyland, Leon Reznik",2023,2,"In industrial applications, Machine Learning (ML) services are often deployed on cloud infrastructure and require a transfer of the input data over a network, which is susceptible to Quality of Service (QoS) degradation. In this paper we investigate the robustness of industrial ML classifiers towards varying Data Quality (DQ) due to degradation in network QoS. We define the robustness of an ML model as the ability to maintain a certain level of performance under variable levels of DQ at its input. We employ the classification accuracy as the performance metric for the ML classifiers studied. The POWDER testbed is utilized to create an experimental setup consisting of a real-world wireless network connecting two nodes. We transfer multiple video and image files between the two nodes under varying degrees of packet loss and varying buffer sizes to create degraded data. We then evaluate the performance of AWS Rekognition, a commercial ML tool for on-demand object detection, on corrupted video and image data. We also evaluate the performance of YOLOv7 to compare the performance of a commercial and an open-source model. As a result we demonstrate that even a slight degree of packet loss, 1% for images and 0.2% for videos, can have a drastic impact on the classification performance of the system. We discuss the possible ways to make industrial ML systems more robust to network QoS degradation.","","2023 IEEE Western New York Image and Signal Processing Workshop (WNYISPW)","","10.1109/wnyispw60588.2023.10349560","https://consensus.app/papers/are-industrial-ml-image-classifiers-robust-to-data-zatsarenko-marathe/8352fb56cd545d5cb17a2921373b4538/"
"A review on degradation models in reliability analysis","Degradation models play a crucial role in reliability analysis, providing valuable information for asset health and reliability prediction.","Nima Gorjian, Lin Ma, M. Mittinty, P. Yarlagadda, Yong Sun",2010,239,"With increasingly complex engineering assets and tight economic requirements, asset reliability becomes more crucial in Engineering Asset Management (EAM). Improving the reliability of systems has always been a major aim of EAM. Reliability assessment using degradation data has become a significant approach to evaluate the reliability and safety of critical systems. Degradation data often provide more information than failure time data for assessing reliability and predicting the remnant life of systems. In general, degradation is the reduction in performance, reliability, and life span of assets. Many failure mechanisms can be traced to an underlying degradation process. Degradation phenomenon is a kind of stochastic process; therefore, it could be modelled in several approaches. Degradation modelling techniques have generated a great amount of research in reliability field. While degradation models play a significant role in reliability analysis, there are few review papers on that. This paper presents a review of the existing literature on commonly used degradation models in reliability analysis. The current research and developments in degradation models are reviewed and summarised in this paper. This study synthesises these models and classifies them in certain groups. Additionally, it attempts to identify the merits, limitations, and applications of each model. It provides potential applications of these degradation models in asset health and reliability prediction.","literature review","","","10.1007/978-0-85729-320-6_42","https://consensus.app/papers/a-review-on-degradation-models-in-reliability-analysis-gorjian-ma/ff2f53eca1435c66b90cacc07794b3c5/"
"Estimating Degradation of Machine Learning Data Assets","Our index is a computationally light and incremental method for estimating the severity of machine learning data asset degradation due to untrustworthy data sources.","Lara Mauri, E. Damiani",2021,21,"Large-scale adoption of Artificial Intelligence and Machine Learning (AI-ML) models fed by heterogeneous, possibly untrustworthy data sources has spurred interest in estimating degradation of such models due to spurious, adversarial, or low-quality data assets. We propose a quantitative estimate of the severity of classifiers’ training set degradation: an index expressing the deformation of the convex hulls of the classes computed on a held-out dataset generated via an unsupervised technique. We show that our index is computationally light, can be calculated incrementally and complements well existing ML data assets’ quality measures. As an experimentation, we present the computation of our index on a benchmark convolutional image classifier.","","ACM Journal of Data and Information Quality (JDIQ)","2","10.1145/3446331","https://consensus.app/papers/estimating-degradation-of-machine-learning-data-assets-mauri-damiani/39881df623325c3da2193d63c5beedb5/"
"Model Hemorrhage and the Robustness Limits of Large Language Models","Model hemorrhage in large language models can be mitigated through gradient-aware pruning, dynamic quantization scaling, and decoding calibration, ensuring performance and efficient deployment.","Ziyang Ma, Zuchao Li, Lefei Zhang, Gui-Song Xia, Bo Du, Liangpei Zhang, Dacheng Tao",2025,1,"Large language models (LLMs) demonstrate strong performance across natural language processing tasks, yet undergo significant performance degradation when modified for deployment through quantization, pruning, or decoding strategy adjustments. We define this phenomenon as model hemorrhage - performance decline caused by parameter alterations and architectural changes. Through systematic analysis of various LLM frameworks, we identify key vulnerability patterns: layer expansion frequently disrupts attention mechanisms, compression techniques induce information loss cascades, and decoding adjustments amplify prediction divergences. Our investigation reveals transformer architectures exhibit inherent robustness thresholds that determine hemorrhage severity across modification types. We propose three mitigation strategies: gradient-aware pruning preserves critical weight pathways, dynamic quantization scaling maintains activation integrity, and decoding calibration aligns generation trajectories with original model distributions. This work establishes foundational metrics for evaluating model stability during adaptation, providing practical guidelines for maintaining performance while enabling efficient LLM deployment. Our findings advance understanding of neural network resilience under architectural transformations, particularly for large-scale language models.","","ArXiv","","10.48550/arxiv.2503.23924","https://consensus.app/papers/model-hemorrhage-and-the-robustness-limits-of-large-ma-li/b68cc5eddf755ab89350a6f67b53676b/"
"Simulating the degradation and maintenance effects on an integrated urban transport infrastructure system","This paper proposes a system-wide transport infrastructure condition prediction model, which can predict future conditions and impact traveller distributions in urban transport networks.","E. Silva, Z. Bingyu, K. Soga",2016,1,"© The authors and ICE Publishing: All rights reserved, 2016. Degradation is a major issue faced by transport infrastructures. Its negative effects and the associated maintenance costs are usually studied through degradation modelling. Current models for individual infrastructures are experiencing limitations in modem multimodal transport networks. This paper starts the discussion towards a system-wide infrastructure condition prediction model, giving emphasis to network-level interconnections and the commonalities in the degradation of different infrastructures. Existing transport infrastructure degradation models and techniques for large scalc dynamics simulation are first reviewed. Based on these, a new model is proposed for the system-wide simulation, including key attributes, variables, inputs, data structures and dynamics. In Geographic Information System (GIS), infrastructure locations, conditions as well as the condition-influencing factors are stored in cell-based maps, which forms the basis for degradation simulation in Cellular Automata (CA). Key parameters that control the interaction arc calibrated to match actual observations. Once calibrated, the model can predict infrastructure conditions under future scenarios. A case study is presented. which runs at low resolution to demonstrate the overall procedures. Options for enhancing the resolution, such as using High Performance Computing (HPC), arc discussed. Performance of transport infrastructures is not only a large concern of engineers and asset managers. It also has significant social implications. Infrastructure conditions projected by our model can be used to calculate traveller distributions within the network. Once fully developed, the model will provide an integrated platform for engineering, management and social study and show what interesting interactions may happen among different fields.","","","","","https://consensus.app/papers/simulating-the-degradation-and-maintenance-effects-on-an-silva-bingyu/63357f2c86fa578ca887e7a359ff9789/"
"Modeling cascading failures in interdependent infrastructures under terrorist attacks","The attack strength degradation model reveals that interdependent infrastructures, especially oil and power networks, can collapse under terrorist attacks, highlighting the need for mitigation actions.","Baichao Wu, Aiping Tang, Jie Wu",2016,128,"","","Reliab. Eng. Syst. Saf.","1","10.1016/j.ress.2015.10.019","https://consensus.app/papers/modeling-cascading-failures-in-interdependent-wu-tang/a107fbb79a7b5b61aa0efb8d1b6b91f9/"
"Bridge deterioration models for different superstructure types using Markov chains and two-step cluster analysis","The two-step cluster analysis model effectively predicts bridge maintenance needs, highlighting the importance of considering geometry, traffic volume, and other factors in predicting deterioration.","Y.F.M. Moscoso, L. F. Rincón, Stefan L. Leiva-Maldonado, J. A. Campos e Matos",2022,15,"Abstract Bridges deteriorate due to different causes such as ageing and climatic conditions. As a consequence, repair actions are considered more expensive than maintenance. Therefore, the prediction of maintenance at the bridge network level is particularly complex due to the considerable level of heterogeneity spanning various bridge types and functions. Consequently, in this article an analytical deterioration model called ‘two-step cluster analysis’ is presented and applied to predict the results of a homogeneous data set. This model had been used in different fields including civil engineering but not for superstructure deterioration forecasting. Variables that interfere with the performance of the structure were considered, such as geometry, volume of traffic, among others. The results show that deterioration drop rapidly if repair treatments were not performed. Variations of up to 20.9% at 50 years between the degradation of the database and the analysis of groups, demonstrates the importance of grouping within the analysis of the database, since the late maintenance can affect the life of the bridge. Preventive actions could significantly mitigate the deterioration process. The applied methodology benefits from current bridge inspection practice and produces a probabilistic rating that is consistent with the Markov approach for model deterioration and grouping variables.","","Structure and Infrastructure Engineering","1","10.1080/15732479.2022.2119583","https://consensus.app/papers/bridge-deterioration-models-for-different-moscoso-rinc%C3%B3n/207448a9065654a6bc820aff918bb335/"
"Influence of Transfer Learning on Machine Learning Systems Robustness to Data Quality Degradation","Retraining Machine Learning models on corrupted data enhances their robustness to data quality degradation in image classification scenarios, but the impact varies depending on data and system types.","Sergei Chuprov, I. Khokhlov, Leon Reznik, Srujan Shetty",2022,4,"The evolution of the Machine Learning (ML) has led to the emergence of Transfer Learning (TL) approach, which allows reusing pretrained industrial ML systems after their input data values or even an application domain has changed. In this paper, we investigate the TL process and its impact on the performance of ML-end systems with integrated network facilities. Especially, we focus on ML-systems designed for the classification of image media-files, transmitted over a network. Packet loss in a network is considered as a major input Data Quality (DQ) deterioration factor that can result in ML system classification performance degradation after pretraining on good inputs. To investigate the typical industrial TL process, we study the relationships between the ML model's last layer weights, hyperparameters, and classification performance throughout the retraining process. In addition, we conduct an empirical study to evaluate how the TL affects ML model performance in real application scenarios. For our experiments, we employ real image media-files, and transmit them over a real wireless network with inherent data losses for a classification on a remote ML-end system. According to our results, retraining ML models on corrupted data allows to enhance their robustness to a DQ degradation in the considered image classification scenarios. However, DQ influence on the ML system performance may vary depending on the data and system types.","","2022 International Joint Conference on Neural Networks (IJCNN)","","10.1109/ijcnn55064.2022.9892247","https://consensus.app/papers/influence-of-transfer-learning-on-machine-learning-chuprov-khokhlov/ee307573f17d5735802f4845df2e397e/"
"Temporal quality degradation in AI models","AI ""aging"" occurs as AI models age, affecting their quality and reliability in real-life applications.","D. Vela, Andrew Sharp, Richard Zhang, Trang Nguyen, An Hoang, Oleg S. Pianykh",2022,127,"","","Scientific Reports","1","10.1038/s41598-022-15245-z","https://consensus.app/papers/temporal-quality-degradation-in-ai-models-vela-sharp/9f1b12055b1857ddb4b0e99a47333068/"
"Model Degradation Mechanisms for Active Control of Urban Road Traffic","","Lili Zhang, Wenshuo Han, Yao Huang, Wei Wei, Jing Li, Hongxin Tan",2025,0,"In practical traffic control scenarios, the implementation of advanced traffic control models is frequently impeded by real - world limitations. Recurrent malfunctions in sensors and control devices commonly give rise to traffic control model mismatch. To tackle this critical issue, this paper proposes a traffic control model degradation mechanism, drawing inspiration from the principles of biological evolution. The proposed mechanism is systematically expounded upon, taking the existing active control model as the basis. It comprehensively covers the underlying causes of degradation and the detailed degradation process. Through a series of simulation case studies, a comparative analysis is conducted on the control performance of the active control model at different degradation stages. This degradation mechanism provides an essential theoretical foundation for adjusting traffic control implementation models under real - world constraints. It enables the identification and selection of optimal control strategies when the full implementation of advanced models is not feasible, thereby enhancing the adaptability and practicality of traffic control systems.","","IEEE Access","1","10.1109/access.2025.3630588","https://consensus.app/papers/model-degradation-mechanisms-for-active-control-of-urban-zhang-han/df0be08131925587a56c6d9bff082051/"
"A Condition‐Based Deterioration Model for the Stochastic Dependency of Corrosion Rate and Crack Propagation in Corroded Concrete Structures","This paper proposes a new statistical, data-driven state-dependent model for modeling degradation of structures and infrastructures, aiming to improve maintenance planning and prediction of crack propagation in corroded concrete structures.","B. E. Hajj, F. Schoefs, B. Castanier, T. Yeung",2017,29,"Physics‐based models are intensively studied in mechanical and civil engineering but their constant increase in complexity makes them harder to use in a maintenance context, especially when degradation model can/should be updated from new inspection data. On the other hand, Markovian cumulative damage approaches such as Gamma processes seem promising; however, they suffer from lack of acceptability by the civil engineering community due to poor physics considerations. In this article, we want to promote an approach for modeling the degradation of structures and infrastructures for maintenance purposes which can be seen as an intermediate approach between physical models and probabilistic models. A new statistical, data‐driven state‐dependent model is proposed. The construction of the degradation model will be discussed within an application to the cracking of concrete due to chloride‐induced corrosion. Numerical experiments will later be conducted to identify preliminary properties of the model in terms of statistical inferences. An estimation algorithm is proposed to estimate the parameters of the model in cases where databases suffer from irregularities.","","Computer‐Aided Civil and Infrastructure Engineering","","10.1111/mice.12208","https://consensus.app/papers/a-condition%E2%80%90based-deterioration-model-for-the-stochastic-hajj-schoefs/044d771b73035540a14ef369c665b6f5/"
"Emulating long-term weather-driven transportation earthworks deterioration models to support asset management","This study developed a framework to emulate deterministic numerical models of slope deterioration over time using statistical (Gaussian process) emulation, aiding in decision-making for new earthworks and existing earthwork portfolios.","P. Helm, A. Svalova, A.M. Morsy, M. Rouainia, A. Smith, A. El-Hamalawi, D.J. Wilkinson, H. Postill, S. Glendinning",2023,7,"","","Transportation Geotechnics","1","10.1016/j.trgeo.2023.101155","https://consensus.app/papers/emulating-longterm-weatherdriven-transportation-helm-svalova/963ab86891d25238b4db5a35f707890b/"
"Operational Benchmarking of ML Models for Fraud Detection: A Comparative Study on AWS EC2 and ECS","Traditional machine learning models offer the lowest latencies, while deep learning and stacked models show superior scalability under ECS autoscaling for real-time fraud detection on AWS.","Lucas Benevides E Braga, Rodrigo Marins Piaba",2025,0,"Credit card fraud detection increasingly depends not just on model accuracy but on real-time deployment performance and scalability. While many studies benchmark algorithmic improvements in classification precision, this work shifts focus toward the operational deployment layer, a critical yet underexplored aspect of machine learning (ML) systems engineering. We present a comparative benchmark of traditional ML models (logistic regression, XGBoost, LightGBM), deep learning architectures (convolutional and recurrent neural networks, Transformer models), and stacking ensembles across three AWS-based deployment configurations: EC2 virtual machines, single-task ECS Fargate containers, and autoscaled ECS Fargate with load balancing. Rather than measuring predictive accuracy, our experiments systematically evaluate inference latency, throughput (requests per second), reliability, and scalability under load, using containerized Flask APIs exposed via REST endpoints. Load tests were executed with varying user concurrency to simulate production behavior. Results show that traditional ML models offer the lowest latencies, whereas deep learning and stacked models demonstrate superior scalability under ECS autoscaling, achieving latency reductions up to 65% and throughput improvements over 100%. We also analyze runtime (Python 3.9 vs. 3.12) and estimate AWS cost-performance trade-offs. This work provides a reproducible framework for evaluating model-serving infrastructure and offers practical deployment guidance for practitioners building real-time fraud detection systems on AWS.","","IEEE Access","1","10.1109/access.2025.3620247","https://consensus.app/papers/operational-benchmarking-of-ml-models-for-fraud-detection-braga-piaba/3d622f13460b5c5e967af17008b2d2b3/"
"Failure-Resilient ML Inference at the Edge through Graceful Service Degradation","This paper proposes various failover strategies for resource-constrained edge environments, leveraging the flexibility of machine learning models for failure-resilient ML inference.","Walid A. Hanafy, Li Wu, Tarek F. Abdelzaher, S. Diggavi, Prashant J. Shenoy",2023,9,"With recent innovations in machine learning (ML) technologies, especially deep learning, many IoT applications have increasingly relied on ML models for various tasks, such as classification, detection, and decision-making. Most of these tasks are latency-sensitive and depend on models deployed at the edge of the network. Network and edge devices are prone to various kinds of failures, such as transient, crash, or Byzantine failures. Such failures can impact the IoT device’s ability to offload tasks, affecting the system’s reliability. A traditional solution involves replicating the underlying resources and deploying a failover replica of the ML model. However, edge resources are typically limited, and increasing their size incurs significant computational and infrastructure cost overheads.This paper proposes a range of failover strategies for resource-constrained edge environments, leveraging the flexibility offered by ML models. We explore various approaches for graceful service degradation, such as degraded accuracy, latency, and sampling rate, and highlight their potential benefits and trade-offs. Furthermore, we discuss the challenges associated with these techniques and outline future directions.","","MILCOM 2023 - 2023 IEEE Military Communications Conference (MILCOM)","","10.1109/milcom58377.2023.10356302","https://consensus.app/papers/failureresilient-ml-inference-at-the-edge-through-hanafy-wu/d2b629c65644547ea0f62e4049ce4765/"
"Infrastructure deterioration modeling with an inhomogeneous continuous time Markov chain: A latent state approach with analytic transition probabilities","The proposed regime-switching continuous-time Markov chain method provides a statistically superior model for infrastructure deterioration, with comparable accuracy in 48% of the computation time compared to the state-of-the-art inhomogeneous Markov chain.","D. Mizutani, Xian-Xun Yuan",2023,28,"Markov chains have been widely used to characterize performance deterioration of infrastructure assets, to model maintenance effectiveness, and to find the optimal intervention strategies. For long‐lived assets such as bridges, the time‐homogeneity assumptions of Markov chains should be carefully checked. For this purpose, this research proposes a regime‐switching continuous‐time Markov chain of which the state transition probabilities depend on another, latent, Markov chain that characterizes the overall aging regime of an asset. With the aid of a state‐augmentation technique, closed‐form solutions for the transition probabilities are analytically derived, making the statistical analysis simple. A case study is presented using the open Ontario Bridge Condition data for provincial highway bridges. The case study demonstrates that the proposed method allows to (1) estimate a statistically superior model to the homogeneous Markov chain and (2) obtain results with comparable accuracy in approximately 48% of the computation time of the state‐of‐the‐art inhomogeneous Markov chain.","","Computer‐Aided Civil and Infrastructure Engineering","","10.1111/mice.12976","https://consensus.app/papers/infrastructure-deterioration-modeling-with-an-mizutani-yuan/193204d21f615d6c8c6fded648d15362/"
"Improvement of the Inspection Interval of Highway Bridges through Predictive Models of Deterioration","Predictive models of bridge deterioration can improve inspection frequency by considering factors like age, location, and structural type, resulting in more reliable predictions for bridge management.","Ademir F. Santos, Maurício S. Bonatte, H. Sousa, T. Bittencourt, J. Matos",2022,20,"Bridges have substantial significance within the transport system, considering that their functionality is essential for countries’ social and economic development. Accordingly, a superior level of safety and serviceability must be reached to ensure the operating status of the bridge network. On that account, the recent collapses of road bridges have led the technical–scientific community and society to reflect on the effectiveness of their management. Bridges in a network are likely to share coinciding environmental conditions but may be subjected to distinct structural deterioration processes over time depending on their age, location, structural type, and other aspects. This variation is usually not considered in the bridge management predictions. For instance, the Brazilian standards consider a constant inspection periodicity, regardless of the bridges’ singularities. Consequently, it is helpful to pinpoint and split the bridge network into classes sharing equivalent deterioration trends to obtain a more precise prediction and improve the frequency of inspections. This work presents a representative database of the Brazilian bridge network, including the most relevant data obtained from inspections. The database was used to calibrate two independent predictive models (Markov and artificial neural network). The calibrated model was employed to simulate different scenarios, resulting in significant insights to improve the inspection periodicity. As a result, the bridge’s location accounting for the differentiation of exposure was a critical point when analyzing the bridge deterioration process. Finally, the degradation models developed following the proposed procedure deliver a more reliable forecast when compared to a single degradation model without parameter analysis. These more reliable models may assist the decision process of the bridge management system (BMS).","","Buildings","1","10.3390/buildings12020124","https://consensus.app/papers/improvement-of-the-inspection-interval-of-highway-bridges-santos-bonatte/1a3e966485b25ffd9fc75570e372a385/"
"Modeling infrastructure degradation from visual inspections using network‐scale state‐space models","The proposed state-space model effectively models infrastructure degradation from visual inspections, accounting for inspector uncertainty and structural condition uncertainty.","Zachary Hamida, J. Goulet",2020,17,"Visual inspections is a common approach for the network‐scale monitoring of bridges. One of the main challenges when interpreting visual inspections is the observations being subjective and thus the observation uncertainty varies among different inspectors. In addition, observations uncertainties can be dependent on the structural element condition. These two factors introduce difficulties in differentiating between measurement errors and legitimate changes in a structure's condition. This study proposes a state‐space model suited for the network‐scale analyses of transportation infrastructure. The formulation of the proposed framework enables quantifying the uncertainty associated with each inspector. In addition, the proposed model accounts for the uncertainty of visual inspections based on the structure condition as well as the uncertainty specific to each inspector. The predictive capacity and robustness of the proposed model are verified with synthetic inspection data, where the true deterioration state is known. Following the verification step, the proposed model is validated with real data taken from a visual inspections database.","","Structural Control and Health Monitoring","1","10.1002/stc.2582","https://consensus.app/papers/modeling-infrastructure-degradation-from-visual-hamida-goulet/af0eaece266d5aa58e2f36a42e30cae5/"
"ML Models for Detecting QoE Degradation in Low-Latency Applications: A Cloud-Gaming Case Study","This paper evaluates eight unsupervised machine learning models for detecting QoE degradation in low-latency cloud gaming applications, recommending the most suitable one for different application requirements.","Joël Roman Ky, B. Mathieu, Abdelkader Lahmadi, R. Boutaba",2023,6,"Detecting abnormal network events is an important activity of Internet Service Providers particularly when running critical applications (e.g., ultra low-latency applications in mobile wireless networks). Abnormal events can stress the infrastructure and lead to severe degradation of user experience. Machine Learning (ML) models have demonstrated their relevance in many tasks including Anomaly Detection (AD). While promising remarkable performance compared to manual or threshold-based detection, applying ML-based AD methods is challenging for operators due to the proliferation of ML models and the lack of well-established methodology and metrics to evaluate them and select the most appropriate one. This paper presents a comprehensive evaluation of eight unsupervised ML models selected from different classes of ML algorithms and applied to AD in the context of cloud gaming applications. We collect cloud gaming Key Performance Indicators (KPIs) time-series datasets in real-world network conditions, and we evaluate and compare the selected ML models using the same methodology, and assess their robustness to data contamination, their efficiency and computational complexity. In addition to the traditional F1-score performance metric used in anomaly detection, we use Matthews Coefficient Correlation (MCC) to better differentiate between models’ efficiencies. Our proposed methodology relies on window-based anomaly detection techniques as they are more useful for network operators compared to single point detection approaches. However, we found most existing window-based approaches to lack in accuracy and may under or over-estimate a model’s performance. Therefore, in this paper, we propose a novel Window Anomaly Decision (WAD) approach that overcomes these drawbacks. We leverage our experimental results to provide insights about the most relevant models for detecting QoE degradation and offer recommendations on their suitability for different application requirements.","","IEEE Transactions on Network and Service Management","1","10.1109/tnsm.2023.3293806","https://consensus.app/papers/ml-models-for-detecting-qoe-degradation-in-lowlatency-ky-mathieu/cb79f058da9f50b994bd0bd8e2905b79/"
"Notes towards infrastructure governance for large language models","Large language models (LLMs) are contested artefacts with both categorising and performative capabilities, and dataset curation and participatory design can help address downstream harms in these technologies.","Lara Dal Molin",2024,2,"This paper draws on information infrastructures (IIs) in science and technology studies (STS), as well as on feminist STS scholarship and contemporary critical accounts of digital technologies, to build an initial mapping of the infrastructural mechanisms and implications of large language models (LLMs). Through a comparison with discriminatory machine learning (ML) systems and a case study on gender bias, I present LLMs as contested artefacts with categorising and performative capabilities. This paper suggests that generative systems do not tangibly depart from traditional, discriminative counterparts in terms of their underlying probabilistic mechanisms, and therefore both technologies can be theorised as infrastructures of categorisation. However, LLMs additionally retain performative capabilities through their linguistic outputs. Here, I outline the intuition behind this phenomenon, which I refer to as “language as infrastructure”. While traditional, discriminative systems “disappear” into larger IIs, the hype surrounding generative technologies presents an opportunity to scrutinise these artefacts, to alter their computational mechanisms and introduce governance measures]. I illustrate this thesis through Sharma’s formulation of “broken machine”, and suggest dataset curation and participatory design as governance mechanisms that can partly address downstream harms in LLMs (Barocas, et al., 2023).","","First Monday","1","10.5210/fm.v29i2.13567","https://consensus.app/papers/notes-towards-infrastructure-governance-for-large-molin/5890e43b01f251e4aece5e0b03cc9939/"
"Simulation of hardened cement degradation and estimation of uncertainty in predicted failure times with peridynamics","This study developed a chemomechanical model to predict concrete infrastructure failure due to chemical degradation, using peridynamics and sensitivity analysis to material properties.","R. Jones, J. Rimsza, J. Trageser, J. Hogancamp",2021,5,"","","Construction and Building Materials","1","10.1016/j.conbuildmat.2021.122927","https://consensus.app/papers/simulation-of-hardened-cement-degradation-and-estimation-jones-rimsza/213e68c330625268bb5053d3b2d57189/"
"Green AI: A Preliminary Empirical Study on Energy Consumption in DL Models Across Different Runtime Infrastructures","MXNet outperforms PyTorch and TensorFlow for computer vision models, while TensorFlow consistently outperforms CUDA, and converting models to ONNX improves performance in most cases.","Negar Alizadeh, Fernando Castor",2024,25,"Deep Learning (DL) frameworks such as PyTorch and TensorFlow include runtime infrastructures responsible for executing trained models on target hardware, managing memory, data transfers, and multi-accelerator execution, if applicable. Additionally, it is a common practice to deploy pre-trained models on environments distinct from their native development settings. This led to the introduction of interchange formats such as ONNX, which includes its runtime infrastructure, and ONNX Runtime, which work as standard formats that can be used across diverse DL frameworks and languages. Even though these runtime infrastructures have a great impact on inference performance, no previous paper has investigated their energy efficiency. In this study, we monitor the energy consumption and inference time in the runtime infrastructures of three well-known DL frameworks as well as ONNX, using three various DL models. To have nuance in our investigation, we also examine the impact of using different execution providers. We find out that the performance and energy efficiency of DL are difficult to predict. One framework, MXNet, outperforms both PyTorch and TensorFlow for the computer vision models using batch size 1, due to efficient GPU usage and thus low CPU usage. However, batch size 64 makes PyTorch and MXNet practically indistinguishable, while TensorFlow is outperformed consistently. For BERT, PyTorch exhibits the best performance. Converting the models to ONNX yields significant performance improvements in the majority of cases. Finally, in our preliminary investigation of execution providers, we observe that TensorRT always outperforms CUDA.","","2024 IEEE/ACM 3rd International Conference on AI Engineering – Software Engineering for AI (CAIN)","","10.1145/3644815.3644967","https://consensus.app/papers/green-ai-a-preliminary-empirical-study-on-energy-alizadeh-castor/0b8d7e933f6f57dc9cb31c48daa73d86/"
"Integrative modeling of performance deterioration and maintenance effectiveness for infrastructure assets with missing condition data","This paper presents a novel approach that integrates deterioration and maintenance effectiveness modeling, enabling more accurate long-term performance predictions for infrastructure assets.","P. Lin, Xian-Xun Yuan, Edgar Tovilla",2019,34,"Deterioration modeling is an important analytical component in infrastructure asset management. It concerns the prediction of performance and remaining service life of assets of different designs under omnifarious working environments. For long‐term prediction, it also requires to characterize maintenance effectiveness because maintenance activities do not necessarily bring an asset to a completely renewed status. Deterioration modeling research has for decades been largely focusing on the modeling of the natural deterioration process per se, whereas the modeling of maintenance effectiveness is only a recent focus of investigation, mainly in pavement research. In practice, the asset conditions immediately before and after a given maintenance treatment both are not often known. This has made the modeling of maintenance effectiveness and long‐term deterioration prediction a challenging task. To bridge the gap, this paper presents a novel approach that integrates the modeling of deterioration and maintenance effectiveness into one process. The natural deterioration of asset performance is modeled as a continuous‐time Markov chain, whereas the effectiveness of a maintenance measure is modeled as a discrete‐time Markov chain. To account for missing condition data before and after the maintenance event, the paper also develops a robust statistical method based on Markov chain Monte Carlo simulation. A real‐life case study on a municipal sewer pipe system is carried out for demonstration of the proposed integrated modeling approach. The functional deterioration of sewer pipes and the effectiveness of flushing operations that target to bring flow capacity to intact state are modeled. Influences of pipe length, diameter, slope, and sewershed area are examined. The present work is a valuable step toward development of evidence‐based risk‐informed asset management framework.","","Computer‐Aided Civil and Infrastructure Engineering","","10.1111/mice.12452","https://consensus.app/papers/integrative-modeling-of-performance-deterioration-and-lin-yuan/f3d25418e36550cdb83baa7b0ff0b9b9/"
"Automated Processing of eXplainable Artificial Intelligence Outputs in Deep Learning Models for Fault Diagnostics of Large Infrastructures","The proposed framework improves fault diagnosis accuracy in large infrastructure by 8% and reduces maintenance workload by 15%, while identifying anomalous explanations in images.","G. Floreale, P. Baraldi, Enrico Zio, Olga Fink",2025,2,"","","Eng. Appl. Artif. Intell.","1","10.1016/j.engappai.2025.110518","https://consensus.app/papers/automated-processing-of-explainable-artificial-floreale-baraldi/267003d5e87d50379baf33599bddbe92/"
"Black-box error diagnosis in Deep Neural Networks for computer vision: a survey of tools","This paper surveys tools for black-box performance diagnosis in Deep Neural Networks for computer vision, highlighting features and gaps in current proposals.","P. Fraternali, Federico Milani, Rocio Nahime Torres, Niccolò Zangrando",2022,12,"The application of Deep Neural Networks (DNNs) to a broad variety of tasks demands methods for coping with the complex and opaque nature of these architectures. When a gold standard is available, performance assessment treats the DNN as a black box and computes standard metrics based on the comparison of the predictions with the ground truth. A deeper understanding of performances requires going beyond such evaluation metrics to diagnose the model behavior and the prediction errors. This goal can be pursued in two complementary ways. On one side, model interpretation techniques “open the box” and assess the relationship between the input, the inner layers and the output, so as to identify the architecture modules most likely to cause the performance loss. On the other hand, black-box error diagnosis techniques study the correlation between the model response and some properties of the input not used for training, so as to identify the features of the inputs that make the model fail. Both approaches give hints on how to improve the architecture and/or the training process. This paper focuses on the application of DNNs to computer vision (CV) tasks and presents a survey of the tools that support the black-box performance diagnosis paradigm. It illustrates the features and gaps of the current proposals, discusses the relevant research directions and provides a brief overview of the diagnosis tools in sectors other than CV.","","Neural Computing and Applications","1","10.1007/s00521-022-08100-9","https://consensus.app/papers/blackbox-error-diagnosis-in-deep-neural-networks-for-fraternali-milani/c9e48f4f16045d419abff185c3a8fbe6/"
"Physics-informed neural network for lithium-ion battery degradation stable modeling and prognosis","The physics-informed neural network (PINN) accurately estimates lithium-ion battery state-of-health, demonstrating remarkable performance in various experiments and conditions compared to alternative neural networks.","Fujin Wang, Zhi Zhai, Zhibin Zhao, Yi Di, Xuefeng Chen",2024,375,"","","Nature Communications","1","10.1038/s41467-024-48779-z","https://consensus.app/papers/physicsinformed-neural-network-for-lithiumion-battery-wang-zhai/4e924851eae25258aefec213cdd896fa/"
"Leveraging Incremental Machine Learning for Reconfigurable Systems Modeling under Dynamic Workloads","Incremental machine learning models can improve run-time power consumption and performance estimations in FPGA-based reconfigurable systems under dynamic workloads, with low-overhead updates and superior adaptability.","Juan Encinas, Alfonso Rodríguez, Andrés Otero",2025,0,"Dynamic workload orchestration is one of the main concerns when working with heterogeneous computing infrastructures in the edge-cloud continuum. In this context, FPGA-based computing nodes can take advantage of their improved flexibility, performance, and energy efficiency provided that they use proper resource management strategies. In this regard, many state-of-the-art systems rely on proactive power management techniques and task scheduling decisions, which in turn require deep knowledge about the applications to be accelerated and the actual response of the target reconfigurable fabrics when executing them. While acquiring this knowledge at design time was more or less feasible in the past, with applications mostly being static task graphs that did not change at run time, the highly dynamic nature of current workloads in the edge-cloud continuum, where tasks can be deployed on any node and at any time, has removed this possibility. As a result, being able to derive such information at run time to make informed decisions has become a must. This article presents an infrastructure to build incremental ML models that can be used to obtain run-time power consumption and performance estimations in FPGA-based reconfigurable multi-accelerator systems operating under dynamic workloads. The proposed infrastructure features a novel stop-and-restart resource-aware mechanism to monitor and control the model training and evaluation stages during normal system operation, enabling low-overhead updates in the models to account for either unexpected acceleration requests (i.e., tasks not considered previously by the models) or model drift (e.g., fabric degradation). Experimental results show that the proposed approach induces a maximal additional error of 3.66% compared to a continuous training alternative. Furthermore, the proposed approach incurs only a 4.49% execution time overhead, compared to the 20.91% overhead induced by the continuous training alternative. The proposed modeling strategy enables innovative scheduling approaches in reconfigurable systems. This is exemplified by the conflict-aware scheduler introduced in this work, which achieves up to a 1.35 times speedup in executing the experimental workload. Additionally, the proposed approach demonstrates superior adaptability compared to other methods in the literature, particularly in response to significant changes in workload and to mitigate the effects of model overfitting. The portability of the proposed modeling methodology and monitoring infrastructure is also shown through their application to both Zynq-7000 and Zynq UltraScale+ devices.","","ACM Transactions on Reconfigurable Technology and Systems","1","10.1145/3715154","https://consensus.app/papers/leveraging-incremental-machine-learning-for-encinas-rodr%C3%ADguez/14ad7db507375d42ad4451b49fa5e288/"
